frame_number,timestamp,left_heel_x,left_heel_y,left_heel_confidence,left_heel_usable,right_heel_x,right_heel_y,right_heel_confidence,right_heel_usable,left_step_detected,right_step_detected
0,0.0,0.6718297600746155,0.8331805467605591,0.9811989068984985,True,0.7215805649757385,0.7572038173675537,0.918864369392395,True,False,False
1,0.03333333333333333,0.6723818182945251,0.8338891267776489,0.9804781079292297,True,0.7217811346054077,0.7543185353279114,0.9221078157424927,True,False,False
2,0.06666666666666667,0.6727791428565979,0.8338840007781982,0.9797129034996033,True,0.7218332886695862,0.7524665594100952,0.9245238304138184,True,False,False
3,0.1,0.6742205619812012,0.8332732319831848,0.9790282845497131,True,0.7203865647315979,0.751752495765686,0.9282011389732361,True,False,False
4,0.13333333333333333,0.6797256469726562,0.8326126337051392,0.9751424789428711,True,0.7128374576568604,0.7517048120498657,0.9247161149978638,True,False,False
5,0.16666666666666666,0.6863195896148682,0.8314557075500488,0.9696460962295532,True,0.7066780924797058,0.7541764974594116,0.9152242541313171,True,False,False
6,0.2,0.6918312907218933,0.8302062749862671,0.9648908376693726,True,0.7013183832168579,0.7810182571411133,0.9053640365600586,True,False,False
7,0.23333333333333334,0.6936338543891907,0.8294632434844971,0.9646711945533752,True,0.6837742328643799,0.8014669418334961,0.9042303562164307,True,False,False
8,0.26666666666666666,0.6940775513648987,0.8287791013717651,0.9647839665412903,True,0.6825082302093506,0.80443274974823,0.9034910202026367,True,False,False
9,0.3,0.6956703662872314,0.8278059363365173,0.9649447202682495,True,0.6800117492675781,0.8109229803085327,0.9033682942390442,True,False,False
10,0.3333333333333333,0.6981898546218872,0.8281446695327759,0.9651159644126892,True,0.6753753423690796,0.815190315246582,0.9046837091445923,True,False,False
11,0.36666666666666664,0.7036310434341431,0.829884946346283,0.9651406407356262,True,0.6640835404396057,0.8196278214454651,0.9058233499526978,True,False,False
12,0.4,0.7105016112327576,0.8316543102264404,0.9655420184135437,True,0.6561341881752014,0.824160635471344,0.9081929326057434,True,False,False
13,0.43333333333333335,0.7176027894020081,0.8328078985214233,0.9654248952865601,True,0.6465644240379333,0.8257717490196228,0.910935640335083,True,False,False
14,0.4666666666666667,0.719042956829071,0.8336855173110962,0.9653176665306091,True,0.6458336114883423,0.8257203698158264,0.9132639169692993,True,False,False
15,0.5,0.7205080389976501,0.8338897228240967,0.9650416970252991,True,0.6384185552597046,0.8290658593177795,0.9157974720001221,True,False,False
16,0.5333333333333333,0.7228758335113525,0.8342781662940979,0.9638833999633789,True,0.6261281371116638,0.8333250284194946,0.9168160557746887,True,False,False
17,0.5666666666666667,0.7253686785697937,0.834620475769043,0.9637086987495422,True,0.6153497099876404,0.8375804424285889,0.9189141392707825,True,False,False
18,0.6,0.7293351888656616,0.8345928192138672,0.9625928401947021,True,0.6090481877326965,0.8366495370864868,0.9205657839775085,True,False,False
19,0.6333333333333333,0.7339199185371399,0.8338183164596558,0.9611496925354004,True,0.6047070026397705,0.8369503021240234,0.9211716651916504,True,False,False
20,0.6666666666666666,0.7347137928009033,0.833806037902832,0.9600181579589844,True,0.6038375496864319,0.8380517959594727,0.9216412305831909,True,False,False
21,0.7,0.7376731038093567,0.833798348903656,0.9604690670967102,True,0.6038374900817871,0.8378704190254211,0.9233083724975586,True,False,False
22,0.7333333333333333,0.7442477941513062,0.8335414528846741,0.9609115123748779,True,0.6060019135475159,0.8389291763305664,0.9252665042877197,True,False,False
23,0.7666666666666667,0.7492051124572754,0.832915723323822,0.9619334936141968,True,0.6093457937240601,0.8396437168121338,0.9280298352241516,True,False,False
24,0.8,0.7537032961845398,0.8310673832893372,0.9632253050804138,True,0.6120700240135193,0.839180588722229,0.9306742548942566,True,False,False
25,0.8333333333333334,0.7566991448402405,0.8284251093864441,0.9645066857337952,True,0.6135203838348389,0.8393685817718506,0.9332357048988342,True,False,False
26,0.8666666666666667,0.7579021453857422,0.8267896175384521,0.9656849503517151,True,0.6146343350410461,0.8400111198425293,0.935856819152832,True,False,False
27,0.9,0.757670521736145,0.8195052742958069,0.9672176241874695,True,0.6187335848808289,0.8404775261878967,0.9388437271118164,True,False,False
28,0.9333333333333333,0.7581883072853088,0.8143406510353088,0.9682034254074097,True,0.62281334400177,0.8410942554473877,0.9415526390075684,True,False,False
29,0.9666666666666667,0.7588645219802856,0.807386040687561,0.9690772294998169,True,0.628273069858551,0.840944230556488,0.9444321393966675,True,False,False
30,1.0,0.7584810853004456,0.797712504863739,0.970125138759613,True,0.6330990791320801,0.8409255743026733,0.9470720887184143,True,False,False
31,1.0333333333333334,0.7577451467514038,0.7892309427261353,0.9713144302368164,True,0.6372899413108826,0.8407633304595947,0.9493368864059448,True,False,False
32,1.0666666666666667,0.7572773694992065,0.7877468466758728,0.9724528789520264,True,0.6385714411735535,0.8406785726547241,0.9512246251106262,True,False,False
33,1.1,0.756822407245636,0.783149242401123,0.9736083149909973,True,0.6418715119361877,0.8405528664588928,0.9528084397315979,True,False,False
34,1.1333333333333333,0.7557635307312012,0.7760828733444214,0.9743282198905945,True,0.6444426774978638,0.840531051158905,0.9538947343826294,True,False,False
35,1.1666666666666667,0.7507035136222839,0.7718552350997925,0.9752935767173767,True,0.6504157185554504,0.8403779864311218,0.9541236162185669,True,False,False
36,1.2,0.7444205284118652,0.7666530609130859,0.9761030673980713,True,0.6548377275466919,0.8400500416755676,0.9519225358963013,True,False,False
37,1.2333333333333334,0.7395479679107666,0.7630227208137512,0.9765676259994507,True,0.6602836847305298,0.8394193053245544,0.9487012624740601,True,False,False
38,1.2666666666666666,0.7382828593254089,0.7639678716659546,0.9768726825714111,True,0.6605799198150635,0.8388487696647644,0.9446234107017517,True,False,False
39,1.3,0.7356128692626953,0.7631239295005798,0.976982831954956,True,0.6644881367683411,0.8262495994567871,0.9400126934051514,True,False,False
40,1.3333333333333333,0.7307025194168091,0.7650888562202454,0.9774665832519531,True,0.670311450958252,0.8279594779014587,0.9350468516349792,True,False,False
41,1.3666666666666667,0.7257234454154968,0.7656968235969543,0.9771984219551086,True,0.6716357469558716,0.8296441435813904,0.9284263253211975,True,False,False
42,1.4,0.7226250171661377,0.7668078541755676,0.9770377278327942,True,0.6728284358978271,0.8324493169784546,0.9215107560157776,True,False,False
43,1.4333333333333333,0.712129533290863,0.772926926612854,0.9748761653900146,True,0.6796577572822571,0.8297846913337708,0.9080851078033447,True,False,False
44,1.4666666666666666,0.7106773257255554,0.7762190103530884,0.9728091359138489,True,0.6809957027435303,0.8279926776885986,0.895639955997467,True,False,False
45,1.5,0.7033400535583496,0.7839264273643494,0.9711440801620483,True,0.6840267181396484,0.8246272206306458,0.8814204931259155,True,False,False
46,1.5333333333333334,0.6942209005355835,0.8043193221092224,0.9700496196746826,True,0.6910379528999329,0.8237244486808777,0.8734592199325562,True,False,False
47,1.5666666666666667,0.689598798751831,0.8166970014572144,0.9689688086509705,True,0.6946936249732971,0.8278934359550476,0.8725795149803162,True,False,False
48,1.6,0.6846564412117004,0.8199625015258789,0.970691978931427,True,0.6975975036621094,0.8289285898208618,0.8805323839187622,True,False,False
49,1.6333333333333333,0.6761121153831482,0.8234694600105286,0.9722517132759094,True,0.6984893679618835,0.8305850028991699,0.8864428997039795,True,False,False
50,1.6666666666666667,0.674957275390625,0.823942244052887,0.9737216234207153,True,0.6987196207046509,0.8316922783851624,0.8920270204544067,True,False,False
51,1.7,0.6617660522460938,0.82619309425354,0.9747267365455627,True,0.7063682675361633,0.8343453407287598,0.8968313932418823,True,False,False
52,1.7333333333333334,0.6502560973167419,0.8325502872467041,0.9749512672424316,True,0.7133030891418457,0.8362779021263123,0.9010204076766968,True,False,False
53,1.7666666666666666,0.6391840577125549,0.834783136844635,0.9749605059623718,True,0.7191510200500488,0.8372018337249756,0.9046424031257629,True,False,False
54,1.8,0.6323740482330322,0.8390698432922363,0.9745501279830933,True,0.7208208441734314,0.8370497822761536,0.9053428173065186,True,False,False
55,1.8333333333333333,0.6235366463661194,0.8447801470756531,0.973831832408905,True,0.723324716091156,0.8369142413139343,0.9033275246620178,True,False,False
56,1.8666666666666667,0.6224895119667053,0.8460184335708618,0.9731577038764954,True,0.7234846353530884,0.8368530869483948,0.9012575745582581,True,False,False
57,1.9,0.6143251061439514,0.8441945314407349,0.973142683506012,True,0.7265638709068298,0.8367634415626526,0.9016676545143127,True,False,False
58,1.9333333333333333,0.6077463030815125,0.8433049321174622,0.9740832448005676,True,0.7303885817527771,0.8363978862762451,0.9042856097221375,True,False,False
59,1.9666666666666666,0.6061000823974609,0.8428456783294678,0.9747835397720337,True,0.7332978248596191,0.8356682658195496,0.9071577191352844,True,False,False
60,2.0,0.6075254678726196,0.8427325487136841,0.975135326385498,True,0.7375094890594482,0.8333489298820496,0.9091070890426636,True,False,False
61,2.033333333333333,0.6099129319190979,0.8438705801963806,0.9755587577819824,True,0.7417095899581909,0.8328472375869751,0.9120551943778992,True,False,False
62,2.066666666666667,0.6105510592460632,0.8441991806030273,0.9758744239807129,True,0.7423965334892273,0.8326025009155273,0.9146497845649719,True,False,False
63,2.1,0.6127009391784668,0.8453189730644226,0.9762954711914062,True,0.7464583516120911,0.8302993774414062,0.9163961410522461,True,False,False
64,2.1333333333333333,0.61493319272995,0.8464329838752747,0.9766096472740173,True,0.7495691776275635,0.8250938057899475,0.9170498251914978,True,False,False
65,2.1666666666666665,0.6172099113464355,0.8460371494293213,0.9769958853721619,True,0.7531934976577759,0.8205497860908508,0.9187054634094238,True,False,False
66,2.2,0.6222227811813354,0.8458651900291443,0.9772132039070129,True,0.7546980381011963,0.8131901621818542,0.920327365398407,True,False,False
67,2.2333333333333334,0.6267544031143188,0.8453819155693054,0.9772818088531494,True,0.7546185255050659,0.8042907118797302,0.9221370220184326,True,False,False
68,2.2666666666666666,0.6283976435661316,0.8450372815132141,0.9774321913719177,True,0.7543485164642334,0.8021168112754822,0.9237484335899353,True,False,False
69,2.3,0.6322856545448303,0.8449469208717346,0.9778926968574524,True,0.7532172203063965,0.7940552234649658,0.9258270859718323,True,False,False
70,2.3333333333333335,0.6366378664970398,0.8448120951652527,0.9781206846237183,True,0.7526224255561829,0.7838264107704163,0.9281782507896423,True,False,False
71,2.3666666666666667,0.7033755779266357,0.8083450198173523,0.9777043461799622,True,0.691872239112854,0.8236978650093079,0.9278072714805603,True,False,False
72,2.4,0.6759469509124756,0.8217599391937256,0.9779685735702515,True,0.7183963656425476,0.7754296064376831,0.9285526871681213,True,False,False
73,2.433333333333333,0.6604099869728088,0.8283645510673523,0.9781031608581543,True,0.725165605545044,0.7655419707298279,0.9293825030326843,True,True,False
74,2.466666666666667,0.6554507613182068,0.8308806419372559,0.9783352017402649,True,0.7276027798652649,0.7651267051696777,0.9304514527320862,True,False,False
75,2.5,0.6552406549453735,0.8313404321670532,0.978262186050415,True,0.7306327819824219,0.7610874772071838,0.9315392374992371,True,False,False
76,2.533333333333333,0.657975435256958,0.8315122723579407,0.9780616164207458,True,0.7273128628730774,0.7624614238739014,0.932865560054779,True,False,False
77,2.566666666666667,0.6620253920555115,0.8322689533233643,0.9775012731552124,True,0.7245815992355347,0.7589753270149231,0.9358511567115784,True,False,False
78,2.6,0.6668000221252441,0.8323429226875305,0.9770698547363281,True,0.7228714227676392,0.7513201832771301,0.9382585883140564,True,False,False
79,2.6333333333333333,0.6728153824806213,0.8332839608192444,0.9756066203117371,True,0.719744861125946,0.7477940917015076,0.9391953349113464,True,False,False
80,2.6666666666666665,0.6735998392105103,0.8335087895393372,0.9743872880935669,True,0.7187933921813965,0.7469119429588318,0.9399609565734863,True,False,False
81,2.7,0.6784574389457703,0.8337969779968262,0.9722414016723633,True,0.7171838283538818,0.748516321182251,0.9405245780944824,True,False,False
82,2.7333333333333334,0.6816532611846924,0.8342726826667786,0.968258261680603,True,0.7126752734184265,0.7509108781814575,0.9373726844787598,True,False,False
83,2.7666666666666666,0.6873408555984497,0.8343276381492615,0.9586512446403503,True,0.702461838722229,0.7599928379058838,0.9251901507377625,True,False,True
84,2.8,0.6932386159896851,0.8342379331588745,0.955079972743988,True,0.6919511556625366,0.8120171427726746,0.9176563620567322,True,False,False
85,2.8333333333333335,0.6963120102882385,0.8335939645767212,0.9535906910896301,True,0.6892356872558594,0.8223022222518921,0.9143604040145874,True,False,False
86,2.8666666666666667,0.696514368057251,0.8329787254333496,0.952591061592102,True,0.6888601183891296,0.8231971859931946,0.9114521145820618,True,False,False
87,2.9,0.6981523036956787,0.8325336575508118,0.9514696598052979,True,0.6854088306427002,0.820556640625,0.9108782410621643,True,False,False
88,2.933333333333333,0.7045907378196716,0.8337826132774353,0.9511542916297913,True,0.669162929058075,0.8207165002822876,0.9108850955963135,True,False,False
89,2.966666666666667,0.7139678001403809,0.8344060778617859,0.9521466493606567,True,0.6615612506866455,0.8255632519721985,0.9125446677207947,True,False,False
90,3.0,0.7196518182754517,0.8358659744262695,0.9530720710754395,True,0.6466094851493835,0.8275893330574036,0.916247546672821,True,False,False
91,3.033333333333333,0.723275363445282,0.8368047475814819,0.9542205333709717,True,0.6394393444061279,0.8306058645248413,0.9201459288597107,True,False,False
92,3.066666666666667,0.7231267690658569,0.8382282853126526,0.9551016092300415,True,0.6392157077789307,0.830998957157135,0.9231733083724976,True,False,False
93,3.1,0.7247593402862549,0.8384594321250916,0.9559333920478821,True,0.6309788823127747,0.8378515839576721,0.9258137345314026,True,False,False
94,3.1333333333333333,0.7283942699432373,0.8384570479393005,0.9568183422088623,True,0.6193461418151855,0.8433215618133545,0.92730313539505,True,False,False
95,3.1666666666666665,0.7330927848815918,0.8384293913841248,0.9582708477973938,True,0.6111382246017456,0.8423346281051636,0.9286565184593201,True,False,False
96,3.2,0.7382795214653015,0.8384091854095459,0.9594914317131042,True,0.6053220629692078,0.8418034315109253,0.930137574672699,True,False,False
97,3.2333333333333334,0.7438608407974243,0.8385469317436218,0.9602556824684143,True,0.6019328832626343,0.8429650664329529,0.9314786791801453,True,False,False
98,3.2666666666666666,0.7460569143295288,0.8386783599853516,0.9615060687065125,True,0.6018072366714478,0.8433254957199097,0.9332319498062134,True,False,False
99,3.3,0.7502573132514954,0.8385457396507263,0.9625493288040161,True,0.6048352718353271,0.8428505063056946,0.9355517625808716,True,False,False
100,3.3333333333333335,0.7550090551376343,0.8386095762252808,0.9637627005577087,True,0.6078448295593262,0.8433604836463928,0.9378236532211304,True,False,False
101,3.3666666666666667,0.757301390171051,0.8361138701438904,0.9644937515258789,True,0.6105166673660278,0.8435608744621277,0.94019615650177,True,False,False
102,3.4,0.7596614956855774,0.8313138484954834,0.9654252529144287,True,0.6128820180892944,0.8451151847839355,0.9427911639213562,True,False,False
103,3.433333333333333,0.763527512550354,0.8261173963546753,0.9660022854804993,True,0.6134288311004639,0.8460210561752319,0.944990873336792,True,False,False
104,3.466666666666667,0.7630909085273743,0.8234663009643555,0.966579794883728,True,0.6135761737823486,0.8464371562004089,0.9471361041069031,True,False,False
105,3.5,0.7641031742095947,0.8183496594429016,0.9676315784454346,True,0.6179665327072144,0.8463631272315979,0.9493333697319031,True,False,False
106,3.533333333333333,0.7625617980957031,0.8023813366889954,0.968250036239624,True,0.6246852278709412,0.8463791012763977,0.9518583416938782,True,False,False
107,3.566666666666667,0.7616373300552368,0.7920348048210144,0.9689319133758545,True,0.6309288144111633,0.846321165561676,0.9544566869735718,True,False,False
108,3.6,0.7607222199440002,0.7842482328414917,0.9695935249328613,True,0.6353203058242798,0.846127986907959,0.9567421674728394,True,False,False
109,3.6333333333333333,0.7604548931121826,0.7780493497848511,0.9704179167747498,True,0.6393547654151917,0.8459851741790771,0.9585742354393005,True,False,False
110,3.6666666666666665,0.7600405216217041,0.7773792147636414,0.9711914658546448,True,0.6407156586647034,0.8458932638168335,0.9606004357337952,True,False,False
111,3.7,0.7568208575248718,0.7720468044281006,0.9719275236129761,True,0.6455644965171814,0.8458229303359985,0.9617390036582947,True,False,False
112,3.7333333333333334,0.7503362894058228,0.7630881071090698,0.9718410968780518,True,0.6496394872665405,0.8457462191581726,0.9625274538993835,True,False,False
113,3.7666666666666666,0.7459702491760254,0.7637664675712585,0.9724384546279907,True,0.6548174023628235,0.8455489873886108,0.9625359773635864,True,False,False
114,3.8,0.737092912197113,0.7661285996437073,0.972941517829895,True,0.6586260199546814,0.8455159068107605,0.9615254998207092,True,False,False
115,3.8333333333333335,0.7329820990562439,0.7664899230003357,0.9736570715904236,True,0.662708044052124,0.8454830050468445,0.9585108160972595,True,False,False
116,3.8666666666666667,0.7316816449165344,0.7668052315711975,0.9743011593818665,True,0.6631433367729187,0.8454562425613403,0.9549954533576965,True,False,False
117,3.9,0.7282525897026062,0.7667649984359741,0.9748687148094177,True,0.6665499210357666,0.845188319683075,0.9519413709640503,True,False,False
118,3.933333333333333,0.7230781316757202,0.7683382034301758,0.9757221341133118,True,0.6688920855522156,0.845159113407135,0.9502062201499939,True,False,False
119,3.966666666666667,0.7196374535560608,0.7717625498771667,0.9767218828201294,True,0.6710679531097412,0.8454625010490417,0.949614942073822,True,False,False
120,4.0,0.7100565433502197,0.7843554615974426,0.9768773913383484,True,0.6765325665473938,0.838142991065979,0.9428521990776062,True,False,False
121,4.033333333333333,0.6991746425628662,0.8054301738739014,0.9774553179740906,True,0.6900763511657715,0.8291324377059937,0.9391094446182251,True,False,False
122,4.066666666666666,0.6978253722190857,0.8091344833374023,0.9780593514442444,True,0.691633939743042,0.8268120288848877,0.9353935718536377,True,False,False
123,4.1,0.6940961480140686,0.819649338722229,0.9783844351768494,True,0.6942201256752014,0.829049289226532,0.9331134557723999,True,False,False
124,4.133333333333334,0.6852066516876221,0.829124391078949,0.9785375595092773,True,0.6957212090492249,0.8345589637756348,0.9334110617637634,True,False,False
125,4.166666666666667,0.6768017411231995,0.8334123492240906,0.9795307517051697,True,0.6960070729255676,0.8382999897003174,0.935608983039856,True,False,True
126,4.2,0.6660052537918091,0.836358904838562,0.9804691076278687,True,0.6981291174888611,0.8438222408294678,0.9380074143409729,True,False,False
127,4.233333333333333,0.6519893407821655,0.8408070802688599,0.9808080792427063,True,0.7041228413581848,0.8462256789207458,0.9385892748832703,True,False,False
128,4.266666666666667,0.649604856967926,0.8412522077560425,0.9813182950019836,True,0.7051196098327637,0.8470509052276611,0.9395725131034851,True,False,False
129,4.3,0.6377811431884766,0.8462375998497009,0.981506884098053,True,0.712929368019104,0.8492838144302368,0.9398724436759949,True,False,False
130,4.333333333333333,0.6269596815109253,0.8530881404876709,0.9810348749160767,True,0.7146947979927063,0.8498278260231018,0.937747597694397,True,False,False
131,4.366666666666666,0.6171778440475464,0.8577982783317566,0.9800103306770325,True,0.7164230346679688,0.849551796913147,0.934028685092926,True,False,False
132,4.4,0.6099832057952881,0.8566411733627319,0.979132354259491,True,0.7192619442939758,0.8492056727409363,0.93084716796875,True,False,False
133,4.433333333333334,0.6026561260223389,0.8543221950531006,0.9793099761009216,True,0.7224109172821045,0.849107563495636,0.9315419793128967,True,False,False
134,4.466666666666667,0.6019624471664429,0.8535100221633911,0.9794563055038452,True,0.7230709195137024,0.8489819169044495,0.9323210120201111,True,False,False
135,4.5,0.6002944111824036,0.8542369604110718,0.9798998236656189,True,0.7257591485977173,0.8487916588783264,0.9332988262176514,True,False,False
136,4.533333333333333,0.601488471031189,0.8559087514877319,0.9801406860351562,True,0.7286466360092163,0.8481249809265137,0.9346663951873779,True,False,False
137,4.566666666666666,0.6056910157203674,0.8564852476119995,0.9800734519958496,True,0.7324262261390686,0.8453177809715271,0.9360610246658325,True,False,False
138,4.6,0.6085708141326904,0.8586033582687378,0.9798662662506104,True,0.7362674474716187,0.8427107334136963,0.9356924891471863,True,False,False
139,4.633333333333334,0.6112406253814697,0.8603066205978394,0.9802873134613037,True,0.7393648624420166,0.8364734649658203,0.9370859861373901,True,False,False
140,4.666666666666667,0.6124935150146484,0.860546350479126,0.9806974530220032,True,0.7402104735374451,0.8348841071128845,0.9383941292762756,True,False,False
141,4.7,0.612712562084198,0.8599570989608765,0.9811993837356567,True,0.7409384250640869,0.8310326933860779,0.9405107498168945,True,False,False
142,4.733333333333333,0.6171706914901733,0.8596524596214294,0.9818565845489502,True,0.743798017501831,0.8296735882759094,0.9432973265647888,True,False,False
143,4.766666666666667,0.6215089559555054,0.8592775464057922,0.9823917150497437,True,0.7476021647453308,0.8236995339393616,0.9462265372276306,True,False,False
144,4.8,0.6270944476127625,0.8589125275611877,0.983089029788971,True,0.7481226921081543,0.8154881000518799,0.9493511915206909,True,False,False
145,4.833333333333333,0.6314845681190491,0.858730673789978,0.9837662577629089,True,0.7467639446258545,0.8051913976669312,0.9519219398498535,True,False,False
146,4.866666666666666,0.6327253580093384,0.8586143255233765,0.9843132495880127,True,0.7459030747413635,0.8036266565322876,0.9540301561355591,True,False,False
147,4.9,0.6374614834785461,0.8583458065986633,0.9848634600639343,True,0.7448364496231079,0.7921165823936462,0.9558764696121216,True,False,False
148,4.933333333333334,0.6410679817199707,0.8575738668441772,0.9854088425636292,True,0.7443304657936096,0.7825732827186584,0.9573749303817749,True,False,False
149,4.966666666666667,0.6452601552009583,0.8561140298843384,0.9858278632164001,True,0.7413904666900635,0.7753397822380066,0.9585850834846497,True,False,False
150,5.0,0.6488263010978699,0.8558062314987183,0.9853243827819824,True,0.7363956570625305,0.7724475264549255,0.9579135179519653,True,False,False
151,5.033333333333333,0.6542322635650635,0.852939784526825,0.985523521900177,True,0.7312668561935425,0.7724830508232117,0.957624614238739,True,False,False
152,5.066666666666666,0.6540294885635376,0.8519715666770935,0.985541045665741,True,0.7302518486976624,0.7720387578010559,0.9579723477363586,True,False,False
153,5.1,0.6595459580421448,0.8517035245895386,0.9848068356513977,True,0.7292594909667969,0.7711789011955261,0.9577935934066772,True,False,False
154,5.133333333333334,0.6640889644622803,0.8519676923751831,0.9834429025650024,True,0.7256973385810852,0.7648777365684509,0.9574533700942993,True,False,False
155,5.166666666666667,0.6697660684585571,0.8520876169204712,0.9820884466171265,True,0.7232407927513123,0.7594783306121826,0.9583826065063477,True,False,False
156,5.2,0.6732224822044373,0.8520722389221191,0.9801318645477295,True,0.7200840711593628,0.7568333148956299,0.9584019184112549,True,False,False
157,5.233333333333333,0.6795814633369446,0.8518232703208923,0.9769760370254517,True,0.7145227789878845,0.7527391314506531,0.9561178684234619,True,False,False
158,5.266666666666667,0.6806935667991638,0.8518391251564026,0.9741499423980713,True,0.7131113409996033,0.7528643012046814,0.9539387822151184,True,False,False
159,5.3,0.6840896606445312,0.8519148826599121,0.9704834222793579,True,0.7123035192489624,0.753946840763092,0.9502882361412048,True,False,False
160,5.333333333333333,0.6879395246505737,0.8512466549873352,0.9623773097991943,True,0.7026955485343933,0.7600879669189453,0.9403427243232727,True,False,False
161,5.366666666666666,0.6918237805366516,0.8498812317848206,0.957042396068573,True,0.6941266059875488,0.8147842884063721,0.9314389824867249,True,False,False
162,5.4,0.6937006115913391,0.8452234268188477,0.9556066393852234,True,0.6928343772888184,0.8360604643821716,0.9248624444007874,True,False,False
163,5.433333333333334,0.6965514421463013,0.8430451154708862,0.9544565081596375,True,0.6886842846870422,0.8342463970184326,0.9223135709762573,True,False,False
164,5.466666666666667,0.6969848871231079,0.8419478535652161,0.9535914659500122,True,0.6882243156433105,0.8341937065124512,0.9203396439552307,True,False,False
165,5.5,0.7011828422546387,0.8424659371376038,0.9528329372406006,True,0.6834090352058411,0.8366550207138062,0.9210346937179565,True,False,False
166,5.533333333333333,0.7081372141838074,0.8472490310668945,0.9526863694190979,True,0.6707385182380676,0.8385874032974243,0.9232442378997803,True,False,False
167,5.566666666666666,0.7148454189300537,0.8502652645111084,0.9530712962150574,True,0.6587693095207214,0.8468111157417297,0.9265736937522888,True,False,False
168,5.6,0.7195398807525635,0.8516514301300049,0.9544130563735962,True,0.6471063494682312,0.8496405482292175,0.9306074976921082,True,False,False
169,5.633333333333334,0.7240157127380371,0.8535556793212891,0.9556647539138794,True,0.6365867257118225,0.8502842783927917,0.9344762563705444,True,False,False
170,5.666666666666667,0.7247254848480225,0.8543070554733276,0.9568659663200378,True,0.6361883282661438,0.8500581383705139,0.9377084374427795,True,False,False
171,5.7,0.7287515997886658,0.8551355600357056,0.9579497575759888,True,0.6312936544418335,0.853706419467926,0.9402594566345215,True,False,False
172,5.733333333333333,0.734091579914093,0.8557019829750061,0.958630383014679,True,0.6264503002166748,0.8575113415718079,0.9427613019943237,True,False,False
173,5.766666666666667,0.7388362288475037,0.8556350469589233,0.9588775038719177,True,0.6194331645965576,0.8586016893386841,0.9447116255760193,True,False,False
174,5.8,0.7449434399604797,0.8545457720756531,0.9591760635375977,True,0.6181130409240723,0.8580851554870605,0.9468076825141907,True,False,False
175,5.833333333333333,0.7494664192199707,0.854251503944397,0.9596052765846252,True,0.6190947890281677,0.8582749366760254,0.9484732151031494,True,False,False
176,5.866666666666666,0.750457763671875,0.8540353775024414,0.9595425128936768,True,0.6179067492485046,0.8596310615539551,0.9502065181732178,True,False,False
177,5.9,0.7525913715362549,0.8535406589508057,0.9600967168807983,True,0.6206995844841003,0.859939455986023,0.951915979385376,True,False,False
178,5.933333333333334,0.7564098834991455,0.8525770306587219,0.9601683020591736,True,0.623712956905365,0.8612250089645386,0.9534717202186584,True,False,False
179,5.966666666666667,0.7602150440216064,0.8500282764434814,0.9609402418136597,True,0.6251119375228882,0.8618046641349792,0.9548989534378052,True,False,False
180,6.0,0.763094425201416,0.846491277217865,0.9618991017341614,True,0.6266537308692932,0.8619043827056885,0.9564486145973206,True,False,False
181,6.033333333333333,0.7650972008705139,0.8414762616157532,0.9624926447868347,True,0.6303629875183105,0.8614548444747925,0.958037793636322,True,False,False
182,6.066666666666666,0.765720009803772,0.8398786187171936,0.9630619883537292,True,0.6324986219406128,0.8611178398132324,0.95953768491745,True,False,False
183,6.1,0.7671971321105957,0.8293700218200684,0.9643179178237915,True,0.6367147564888,0.8608351945877075,0.9616878628730774,True,False,False
184,6.133333333333334,0.7699688076972961,0.8187999725341797,0.965568482875824,True,0.6407212615013123,0.8604770302772522,0.9638398289680481,True,False,False
185,6.166666666666667,0.7709242105484009,0.8103766441345215,0.9664896130561829,True,0.6441459059715271,0.8597570657730103,0.9656912684440613,True,False,False
186,6.2,0.770324170589447,0.7970667481422424,0.9665181636810303,True,0.6486809253692627,0.8590335845947266,0.9672274589538574,True,False,False
187,6.233333333333333,0.7686691880226135,0.7883607745170593,0.9661951661109924,True,0.6552045941352844,0.8591244220733643,0.968237042427063,True,False,False
188,6.266666666666667,0.7678148746490479,0.7869949340820312,0.9657371044158936,True,0.6567344665527344,0.8591942191123962,0.9691275954246521,True,False,False
189,6.3,0.7669818997383118,0.779148519039154,0.9654238820075989,True,0.6603367328643799,0.859177827835083,0.9693764448165894,True,False,False
190,6.333333333333333,0.7658166289329529,0.7780617475509644,0.9659281373023987,True,0.6633257269859314,0.8591620326042175,0.9685204029083252,True,False,False
191,6.366666666666666,0.7623305320739746,0.7767835259437561,0.966225802898407,True,0.6680101752281189,0.8577271699905396,0.9672086834907532,True,False,False
192,6.4,0.7581557631492615,0.7723124027252197,0.9660432934761047,True,0.6726536750793457,0.8576973080635071,0.9648477435112,True,False,False
193,6.433333333333334,0.752378523349762,0.7741424441337585,0.9663099646568298,True,0.6764019131660461,0.8550220727920532,0.9577816724777222,True,False,False
194,6.466666666666667,0.7509408593177795,0.7745293974876404,0.9664494395256042,True,0.6771490573883057,0.8536432385444641,0.9522343873977661,True,False,False
195,6.5,0.7466146349906921,0.7766667008399963,0.9669715166091919,True,0.6836106777191162,0.8531140089035034,0.9463318586349487,True,False,False
196,6.533333333333333,0.7420030236244202,0.7782455682754517,0.9669929146766663,True,0.690833568572998,0.8527394533157349,0.9390872120857239,True,False,False
197,6.566666666666666,0.7379772663116455,0.7792928218841553,0.9666513204574585,True,0.690459132194519,0.8546313047409058,0.9341552257537842,True,False,False
198,6.6,0.731801450252533,0.7870734930038452,0.9662103652954102,True,0.6935423016548157,0.8525089025497437,0.9211932420730591,True,False,False
199,6.633333333333334,0.7225532531738281,0.8029869198799133,0.9657590985298157,True,0.7002490758895874,0.8441463112831116,0.9064414501190186,True,False,False
200,6.666666666666667,0.7212196588516235,0.8072881102561951,0.9647170305252075,True,0.7012491822242737,0.8420485258102417,0.8903101682662964,True,False,False
201,6.7,0.7114270925521851,0.8269320130348206,0.9656521081924438,True,0.7051027417182922,0.843198299407959,0.8871307969093323,True,False,False
202,6.733333333333333,0.7055695056915283,0.8386470079421997,0.9658257365226746,True,0.7075523138046265,0.8488726019859314,0.8863565921783447,True,False,False
203,6.766666666666667,0.6978941559791565,0.8422898650169373,0.9674946665763855,True,0.7110344767570496,0.8503444790840149,0.8917087912559509,True,False,False
204,6.8,0.687591552734375,0.8455360531806946,0.9688803553581238,True,0.7156752943992615,0.8574439287185669,0.8959284424781799,True,False,True
205,6.833333333333333,0.6782599091529846,0.8518593311309814,0.9701986908912659,True,0.721161425113678,0.8612337708473206,0.899025022983551,True,False,False
206,6.866666666666666,0.6774394512176514,0.8515759706497192,0.9715526700019836,True,0.7225978374481201,0.8622527718544006,0.9033896923065186,True,False,False
207,6.9,0.6647971868515015,0.8562325835227966,0.9731388688087463,True,0.7270603179931641,0.861433744430542,0.9083390235900879,True,False,False
208,6.933333333333334,0.6511324048042297,0.8638532161712646,0.9736330509185791,True,0.7321586608886719,0.8609737157821655,0.9104036092758179,True,False,False
209,6.966666666666667,0.6411831378936768,0.8666253685951233,0.973236620426178,True,0.7353447675704956,0.8613139986991882,0.9097987413406372,True,False,False
210,7.0,0.6326212882995605,0.8671780228614807,0.9723942875862122,True,0.7385482788085938,0.8610612154006958,0.9094410538673401,True,False,False
211,7.033333333333333,0.6268088221549988,0.8673966526985168,0.97245854139328,True,0.7419809699058533,0.8608765006065369,0.909148633480072,True,False,False
212,7.066666666666666,0.6257976293563843,0.8677414655685425,0.9721505045890808,True,0.7427845001220703,0.8608129620552063,0.9088026285171509,True,False,False
213,7.1,0.6238909363746643,0.8677900433540344,0.9720912575721741,True,0.7455450296401978,0.8606923818588257,0.9099650382995605,True,False,False
214,7.133333333333334,0.6248306632041931,0.8693984150886536,0.9726364016532898,True,0.7496500611305237,0.860065758228302,0.9126418828964233,True,False,False
215,7.166666666666667,0.6268381476402283,0.871161937713623,0.9730315804481506,True,0.7539533972740173,0.8586552143096924,0.9143410325050354,True,False,False
216,7.2,0.6302343606948853,0.8719369769096375,0.9727460145950317,True,0.7578373551368713,0.8576482534408569,0.9137202501296997,True,False,False
217,7.233333333333333,0.632919192314148,0.870814859867096,0.9725862741470337,True,0.7609771490097046,0.8515162467956543,0.9135660529136658,True,False,False
218,7.266666666666667,0.6339686512947083,0.8704001307487488,0.9724127650260925,True,0.7617979645729065,0.8492348790168762,0.9131903052330017,True,False,False
219,7.3,0.6349899172782898,0.870083749294281,0.9723801612854004,True,0.7635152339935303,0.8447461724281311,0.9135139584541321,True,False,False
220,7.333333333333333,0.6350892782211304,0.8696669340133667,0.9728906750679016,True,0.7646196484565735,0.8401025533676147,0.9161525964736938,True,False,False
221,7.366666666666666,0.6401179432868958,0.8693739771842957,0.9739633798599243,True,0.76534104347229,0.8334181904792786,0.9201081991195679,True,False,False
222,7.4,0.6469500064849854,0.8693802356719971,0.9755475521087646,True,0.7643264532089233,0.8212615251541138,0.9250395894050598,True,False,False
223,7.433333333333334,0.6530311703681946,0.8689543604850769,0.9769555330276489,True,0.7629210948944092,0.8122038245201111,0.9299124479293823,True,False,False
224,7.466666666666667,0.6545979380607605,0.8687365651130676,0.9782578349113464,True,0.762286901473999,0.8108372092247009,0.9343897104263306,True,False,False
225,7.5,0.6580899953842163,0.8687087297439575,0.9795811176300049,True,0.7627854943275452,0.8024836182594299,0.9383246302604675,True,False,False
226,7.533333333333333,0.6617674231529236,0.8679522275924683,0.980867326259613,True,0.7623081803321838,0.7932331562042236,0.9421491026878357,True,False,False
227,7.566666666666666,0.6645345091819763,0.8678780794143677,0.9809768199920654,True,0.7585561871528625,0.7889932990074158,0.9440456628799438,True,False,False
228,7.6,0.6676609516143799,0.8668781518936157,0.9807974100112915,True,0.750485360622406,0.7863677740097046,0.9443925023078918,True,False,False
229,7.633333333333334,0.6718108654022217,0.86687171459198,0.9801251292228699,True,0.7464405298233032,0.7824262380599976,0.9455019235610962,True,False,False
230,7.666666666666667,0.6724386811256409,0.8668848276138306,0.9794716238975525,True,0.7450693249702454,0.7797501087188721,0.946689248085022,True,False,False
231,7.7,0.6784371137619019,0.8682490587234497,0.9783065915107727,True,0.7436935901641846,0.7736291289329529,0.9476368427276611,True,False,False
232,7.733333333333333,0.6821008920669556,0.868321418762207,0.9773975014686584,True,0.7423703670501709,0.7733752727508545,0.9494341015815735,True,False,False
233,7.766666666666667,0.6899901032447815,0.8696443438529968,0.9745265245437622,True,0.7382283806800842,0.7702873349189758,0.9490276575088501,True,False,False
234,7.8,0.6922672986984253,0.8705795407295227,0.9718735218048096,True,0.7353085279464722,0.7693787217140198,0.9485272169113159,True,False,False
235,7.833333333333333,0.6979689002037048,0.8717666268348694,0.9658395648002625,True,0.7281591296195984,0.7723002433776855,0.9399582743644714,True,False,False
236,7.866666666666666,0.6991275548934937,0.8725531697273254,0.9604570269584656,True,0.7268874645233154,0.7733922004699707,0.9323807954788208,True,False,False
237,7.9,0.7035152316093445,0.8715445399284363,0.9505321979522705,True,0.7174181342124939,0.8044562339782715,0.9231037497520447,True,False,False
238,7.933333333333334,0.707929253578186,0.8705025911331177,0.9470527768135071,True,0.7052520513534546,0.8398701548576355,0.9177643656730652,True,False,False
239,7.966666666666667,0.7103391289710999,0.8684061169624329,0.9450679421424866,True,0.7037233114242554,0.851987898349762,0.9144269824028015,True,False,False
240,8.0,0.7137856483459473,0.8683884739875793,0.9431912899017334,True,0.700558066368103,0.8569649457931519,0.9136867523193359,True,False,False
241,8.033333333333333,0.7202966213226318,0.8701168894767761,0.9428396821022034,True,0.6877634525299072,0.8569458723068237,0.9146787524223328,True,False,False
242,8.066666666666666,0.7208470106124878,0.8707035779953003,0.9423934817314148,True,0.6888961791992188,0.8586481213569641,0.9155517220497131,True,False,False
243,8.1,0.7261235117912292,0.872469425201416,0.9434210062026978,True,0.6735517382621765,0.8597573041915894,0.9182416200637817,True,False,False
244,8.133333333333333,0.7308859825134277,0.8730984330177307,0.9455398321151733,True,0.6584597826004028,0.8648659586906433,0.9222816824913025,True,False,False
245,8.166666666666666,0.7337120175361633,0.8752487301826477,0.947460412979126,True,0.6466566324234009,0.8691121339797974,0.926552414894104,True,False,False
246,8.2,0.7368338108062744,0.8755359053611755,0.9494026899337769,True,0.6380324363708496,0.8738305568695068,0.9302371740341187,True,False,False
247,8.233333333333333,0.7410517930984497,0.8753653168678284,0.951309084892273,True,0.6284929513931274,0.8790502548217773,0.9337671399116516,True,False,False
248,8.266666666666667,0.7412741780281067,0.8754181265830994,0.9528911709785461,True,0.6282564401626587,0.8807497620582581,0.9367455244064331,True,False,False
249,8.3,0.7456767559051514,0.875698447227478,0.9544724822044373,True,0.6179909110069275,0.8837507367134094,0.9391534924507141,True,False,False
250,8.333333333333334,0.7515343427658081,0.8756263256072998,0.9560539722442627,True,0.6105458736419678,0.8833529949188232,0.9411458969116211,True,False,False
251,8.366666666666667,0.7562597393989563,0.8755756616592407,0.9578364491462708,True,0.606575071811676,0.8837931156158447,0.9430959820747375,True,False,False
252,8.4,0.7615014910697937,0.8753939867019653,0.9593489766120911,True,0.6072125434875488,0.8848776817321777,0.9453345537185669,True,False,False
253,8.433333333333334,0.7663722038269043,0.8739847540855408,0.9607658386230469,True,0.6100713014602661,0.8861616253852844,0.9474026560783386,True,False,False
254,8.466666666666667,0.7674448490142822,0.8726446032524109,0.9617729783058167,True,0.610072910785675,0.8857842683792114,0.9490179419517517,True,False,False
255,8.5,0.7697772979736328,0.867688000202179,0.9626768827438354,True,0.6128840446472168,0.8873656988143921,0.9505122900009155,True,False,False
256,8.533333333333333,0.7715405821800232,0.8605879545211792,0.9640588164329529,True,0.6157323122024536,0.8873521685600281,0.9520982503890991,True,False,False
257,8.566666666666666,0.7730708122253418,0.8524996042251587,0.965654730796814,True,0.6173706650733948,0.8863294720649719,0.9537461996078491,True,False,False
258,8.6,0.7740778923034668,0.8438760042190552,0.9667150974273682,True,0.6215299367904663,0.8856928944587708,0.9554206132888794,True,False,False
259,8.633333333333333,0.7737212181091309,0.8318432569503784,0.9675118327140808,True,0.6261724233627319,0.8853844404220581,0.957099974155426,True,False,False
260,8.666666666666666,0.7732576727867126,0.8289823532104492,0.9681223630905151,True,0.6273505687713623,0.8851216435432434,0.9583881497383118,True,False,False
261,8.7,0.7725765109062195,0.8240023255348206,0.9690220952033997,True,0.6302347183227539,0.8845499157905579,0.9597834348678589,True,False,False
262,8.733333333333333,0.7715964317321777,0.8120753169059753,0.9700992107391357,True,0.634507954120636,0.8843124508857727,0.9608333110809326,True,False,False
263,8.766666666666667,0.7682754993438721,0.8040924072265625,0.9706725478172302,True,0.6391072273254395,0.8835079073905945,0.9612260460853577,True,False,False
264,8.8,0.7651192545890808,0.7963945865631104,0.9707196950912476,True,0.6423494219779968,0.8827561140060425,0.961789071559906,True,False,False
265,8.833333333333334,0.7615106701850891,0.7916497588157654,0.9711653590202332,True,0.6463920474052429,0.8824651837348938,0.9609111547470093,True,False,False
266,8.866666666666667,0.7595868110656738,0.7910677194595337,0.9716347455978394,True,0.6486285924911499,0.8823298215866089,0.960792601108551,True,False,False
267,8.9,0.7556204199790955,0.7913216352462769,0.9719498753547668,True,0.6523869037628174,0.8822470307350159,0.9578502178192139,True,False,False
268,8.933333333333334,0.7465697526931763,0.7920360565185547,0.9718454480171204,True,0.6564328670501709,0.8820322751998901,0.9520875811576843,True,False,False
269,8.966666666666667,0.7391108870506287,0.7915146946907043,0.9717065691947937,True,0.6598548293113708,0.8809232115745544,0.9447484612464905,True,False,False
270,9.0,0.7330460548400879,0.7941718101501465,0.9715821743011475,True,0.6657235026359558,0.8809126019477844,0.9379011988639832,True,False,False
271,9.033333333333333,0.7282369136810303,0.7960033416748047,0.9716394543647766,True,0.6700624823570251,0.8808882832527161,0.9321036338806152,True,False,False
272,9.066666666666666,0.7269014120101929,0.7970674633979797,0.9715982675552368,True,0.670924961566925,0.8805030584335327,0.9253490567207336,True,False,False
273,9.1,0.7227491140365601,0.8015929460525513,0.9705043435096741,True,0.675499677658081,0.880445659160614,0.9174447059631348,True,False,False
274,9.133333333333333,0.7100169658660889,0.81294846534729,0.9680600762367249,True,0.6803820729255676,0.8728680610656738,0.8993919491767883,True,False,False
275,9.166666666666666,0.700397789478302,0.8355506062507629,0.9669681787490845,True,0.6871830821037292,0.8703995943069458,0.8867301940917969,True,False,False
276,9.2,0.6912062168121338,0.8572003841400146,0.9672715663909912,True,0.6888939738273621,0.8706206679344177,0.8811750411987305,True,False,False
277,9.233333333333333,0.6852996349334717,0.8606924414634705,0.9685849547386169,True,0.6923771500587463,0.871074914932251,0.8858148455619812,True,False,False
278,9.266666666666667,0.6846106052398682,0.8614481687545776,0.9699559211730957,True,0.693113386631012,0.8713779449462891,0.8904756903648376,True,False,False
279,9.3,0.6744675636291504,0.8644288182258606,0.9715539216995239,True,0.6937718987464905,0.8734710216522217,0.8959061503410339,True,False,False
280,9.333333333333334,0.6600282788276672,0.8651547431945801,0.9728221297264099,True,0.6972484588623047,0.8757491111755371,0.8997913002967834,True,False,False
281,9.366666666666667,0.6445527672767639,0.8741511106491089,0.9735487699508667,True,0.7044956088066101,0.8787049055099487,0.9031861424446106,True,False,False
282,9.4,0.6282443404197693,0.8804381489753723,0.9733533263206482,True,0.7120432257652283,0.8812891840934753,0.9051395654678345,True,False,False
283,9.433333333333334,0.6181401014328003,0.8846538662910461,0.9726595282554626,True,0.7156856060028076,0.8814289569854736,0.9045388698577881,True,False,False
284,9.466666666666667,0.6182231307029724,0.8852063417434692,0.9716708064079285,True,0.7160729169845581,0.8814391493797302,0.9023531675338745,True,False,False
285,9.5,0.6061734557151794,0.8895310163497925,0.9704750180244446,True,0.7182027697563171,0.8813118934631348,0.8996355533599854,True,False,False
286,9.533333333333333,0.5953949689865112,0.8901641964912415,0.9702200889587402,True,0.7222659587860107,0.8805581331253052,0.8992534279823303,True,False,False
287,9.566666666666666,0.5874491333961487,0.8903703093528748,0.9704935550689697,True,0.7261643409729004,0.8788354396820068,0.9003732204437256,True,False,False
288,9.6,0.5859296321868896,0.8885360956192017,0.971147894859314,True,0.72899329662323,0.8759368062019348,0.9026706218719482,True,False,False
289,9.633333333333333,0.5874214768409729,0.8899973034858704,0.9715085029602051,True,0.7319978475570679,0.8730342984199524,0.9039937853813171,True,False,False
290,9.666666666666666,0.5875573754310608,0.8900769948959351,0.9715182185173035,True,0.7326377034187317,0.8716317415237427,0.9049084186553955,True,False,False
291,9.7,0.5905377864837646,0.8901596069335938,0.9708684086799622,True,0.7367400527000427,0.869962751865387,0.9043298959732056,True,False,False
292,9.733333333333333,0.5923420786857605,0.8908408880233765,0.970111072063446,True,0.7409668564796448,0.8642820715904236,0.9024233222007751,True,False,False
293,9.766666666666667,0.5950217843055725,0.8903349041938782,0.9704884886741638,True,0.7448074817657471,0.856712818145752,0.9031904339790344,True,False,False
294,9.8,0.597057580947876,0.8897916078567505,0.9711962938308716,True,0.7467697858810425,0.8499082922935486,0.9045775532722473,True,False,False
295,9.833333333333334,0.6004565954208374,0.8896819949150085,0.9719928503036499,True,0.7475681900978088,0.8413211107254028,0.9065383672714233,True,False,False
296,9.866666666666667,0.6022912263870239,0.8895565867424011,0.9725244045257568,True,0.7472643256187439,0.8397783041000366,0.908317506313324,True,False,False
297,9.9,0.6061895489692688,0.8887374997138977,0.9732286930084229,True,0.7471293807029724,0.8312382102012634,0.9112333655357361,True,False,False
298,9.933333333333334,0.6120223999023438,0.8878584504127502,0.9741165041923523,True,0.7452538013458252,0.8203243017196655,0.913741409778595,True,False,False
299,9.966666666666667,0.6167390942573547,0.8870784044265747,0.9748446941375732,True,0.743869423866272,0.8100069761276245,0.9166959524154663,True,False,False
300,10.0,0.6213645339012146,0.8855509161949158,0.9757016897201538,True,0.7388433218002319,0.8013917803764343,0.9194756746292114,True,False,False
301,10.033333333333333,0.6269347667694092,0.8831549286842346,0.976477861404419,True,0.7327839732170105,0.795570433139801,0.9218048453330994,True,False,False
302,10.066666666666666,0.6277705430984497,0.8821040987968445,0.9770591259002686,True,0.7303521633148193,0.7963681221008301,0.9233151078224182,True,False,False
303,10.1,0.6300709247589111,0.8811066150665283,0.9772772789001465,True,0.7266372442245483,0.7906915545463562,0.9252261519432068,True,False,False
304,10.133333333333333,0.6341210603713989,0.8796005249023438,0.9779939651489258,True,0.7179691195487976,0.7880892753601074,0.926406741142273,True,False,False
305,10.166666666666666,0.6386651396751404,0.8782233595848083,0.9782018661499023,True,0.7144064903259277,0.7844522595405579,0.9292345643043518,True,False,False
306,10.2,0.6437680125236511,0.8768656253814697,0.9780211448669434,True,0.7112176418304443,0.7814788818359375,0.9317532777786255,True,False,False
307,10.233333333333333,0.6494819521903992,0.8766740560531616,0.977505087852478,True,0.7071025967597961,0.7743578553199768,0.9339540004730225,True,False,False
308,10.266666666666667,0.6501206755638123,0.8765102028846741,0.9771016836166382,True,0.7056031823158264,0.7743894457817078,0.936130702495575,True,False,False
309,10.3,0.6550213694572449,0.8764880895614624,0.9759476184844971,True,0.7013775110244751,0.7762466073036194,0.9375439286231995,True,False,False
310,10.333333333333334,0.658043622970581,0.8768377900123596,0.9732717275619507,True,0.6936867237091064,0.7791468501091003,0.936160683631897,True,False,False
311,10.366666666666667,0.6624516844749451,0.8763603568077087,0.9667907357215881,True,0.6802902817726135,0.7808884382247925,0.9237337708473206,True,False,False
312,10.4,0.6667824387550354,0.8755875825881958,0.9609808921813965,True,0.6687896847724915,0.8349313735961914,0.9089154005050659,True,False,False
313,10.433333333333334,0.6714436411857605,0.8744473457336426,0.9592849016189575,True,0.6608997583389282,0.8480142951011658,0.9070293307304382,True,False,False
314,10.466666666666667,0.6721392273902893,0.8736686110496521,0.9578418731689453,True,0.6602044105529785,0.8510525226593018,0.905149519443512,True,False,False
315,10.5,0.6744643449783325,0.8736804723739624,0.9573708772659302,True,0.6537172198295593,0.8496059775352478,0.9062469601631165,True,False,False
316,10.533333333333333,0.6773399114608765,0.8737038969993591,0.9564751982688904,True,0.6399184465408325,0.85407954454422,0.9052209258079529,True,False,False
317,10.566666666666666,0.686074435710907,0.8749034404754639,0.9564288854598999,True,0.6278380751609802,0.8541202545166016,0.9071274995803833,True,False,False
318,10.6,0.6925065517425537,0.8759769797325134,0.956606388092041,True,0.610714316368103,0.8638648390769958,0.9101340174674988,True,False,False
319,10.633333333333333,0.6962680220603943,0.8769602179527283,0.9567121863365173,True,0.6029332876205444,0.8717442154884338,0.913199245929718,True,False,False
320,10.666666666666666,0.6968128085136414,0.877417802810669,0.9561862945556641,True,0.6021212935447693,0.8738628625869751,0.9153018593788147,True,False,False
321,10.7,0.6979814171791077,0.8789387345314026,0.9562898278236389,True,0.5925824642181396,0.8808109164237976,0.9177258610725403,True,False,False
